{
  "version": 1,
  "author": "Raden Rofiq Yudha Setyawan",
  "editor": "wokwi",
  "parts": [
    { "type": "board-esp32-devkit-c-v4", "id": "esp", "top": -48, "left": -14.36, "attrs": {} },
    {
      "type": "wokwi-dht22",
      "id": "dht1",
      "top": -153.3,
      "left": -111,
      "attrs": { "temperature": "45.4", "humidity": "29" }
    },
    {
      "type": "wokwi-dht22",
      "id": "dht2",
      "top": -153.3,
      "left": -187.8,
      "attrs": { "temperature": "35.6", "humidity": "43" }
    },
    {
      "type": "wokwi-dht22",
      "id": "dht3",
      "top": -153.3,
      "left": -264.6,
      "attrs": { "temperature": "36", "humidity": "29" }
    },
    {
      "type": "wokwi-relay-module",
      "id": "relay3",
      "top": -83.4,
      "left": 70.8,
      "rotate": 270,
      "attrs": {}
    },
    {
      "type": "wokwi-relay-module",
      "id": "relay4",
      "top": -83.4,
      "left": 138,
      "rotate": 270,
      "attrs": {}
    },
    {
      "type": "wokwi-relay-module",
      "id": "relay5",
      "top": -83.4,
      "left": 205.2,
      "rotate": 270,
      "attrs": {}
    },
    {
      "type": "wokwi-led",
      "id": "led1",
      "top": 126.4,
      "left": -197.4,
      "rotate": 180,
      "attrs": { "color": "limegreen" }
    },
    {
      "type": "wokwi-led",
      "id": "led2",
      "top": 126.4,
      "left": -159,
      "rotate": 180,
      "attrs": { "color": "yellow" }
    },
    {
      "type": "wokwi-led",
      "id": "led3",
      "top": 126.4,
      "left": -111,
      "rotate": 180,
      "attrs": { "color": "cyan" }
    },
    {
      "type": "wokwi-buzzer",
      "id": "bz1",
      "top": 122.1,
      "left": 330.9,
      "rotate": 90,
      "attrs": { "volume": "0.1" }
    },
    {
      "type": "wokwi-buzzer",
      "id": "bz2",
      "top": 54.9,
      "left": 330.9,
      "rotate": 90,
      "attrs": { "volume": "0.1" }
    },
    {
      "type": "wokwi-buzzer",
      "id": "bz3",
      "top": -12.3,
      "left": 330.9,
      "rotate": 90,
      "attrs": { "volume": "0.1" }
    }
  ],
  "connections": [
    [ "esp:TX", "$serialMonitor:RX", "", [] ],
    [ "esp:RX", "$serialMonitor:TX", "", [] ],
    [ "dht1:GND", "esp:GND.1", "black", [ "v144", "h143.85" ] ],
    [ "dht1:VCC", "esp:3V3", "red", [ "v19.2", "h172.65" ] ],
    [ "dht2:GND", "esp:GND.1", "black", [ "v144", "h297.45" ] ],
    [ "dht2:VCC", "esp:3V3", "red", [ "v19.2", "h326.25" ] ],
    [ "dht3:VCC", "esp:3V3", "red", [ "v19.2", "h489.45" ] ],
    [ "dht3:GND", "esp:GND.1", "black", [ "v144", "h460.65" ] ],
    [ "dht1:SDA", "esp:25", "yellow", [ "v0" ] ],
    [ "esp:26", "dht2:SDA", "green", [ "h0" ] ],
    [ "esp:27", "dht3:SDA", "blue", [ "h0" ] ],
    [ "relay3:VCC", "esp:5V", "red", [ "v172.8", "h-163.35" ] ],
    [ "relay4:VCC", "esp:5V", "red", [ "v172.8", "h-259.35" ] ],
    [ "relay5:VCC", "esp:5V", "red", [ "v172.8", "h-355.35" ] ],
    [ "relay4:GND", "esp:GND.3", "black", [ "v0" ] ],
    [ "relay3:GND", "esp:GND.3", "black", [ "v0" ] ],
    [ "relay5:GND", "esp:GND.3", "black", [ "v0" ] ],
    [ "esp:19", "relay3:IN", "blue", [ "h0" ] ],
    [ "esp:18", "relay4:IN", "green", [ "h0" ] ],
    [ "esp:17", "relay5:IN", "yellow", [ "h0" ] ],
    [ "bz1:1", "esp:GND.3", "black", [ "h-19.2", "v-115.2" ] ],
    [ "bz2:1", "esp:GND.3", "black", [ "h-19.2", "v-48" ] ],
    [ "bz3:1", "esp:GND.3", "black", [ "h-19.2", "v19.2" ] ],
    [ "esp:16", "bz1:2", "blue", [ "h144", "v77.2" ] ],
    [ "esp:4", "bz2:2", "green", [ "h0" ] ],
    [ "esp:2", "bz3:2", "yellow", [ "h211.2", "v-86" ] ],
    [ "led1:A", "esp:33", "yellow", [ "v0" ] ],
    [ "led2:A", "esp:32", "green", [ "v0" ] ],
    [ "led3:C", "esp:GND.1", "black", [ "v0" ] ],
    [ "led2:C", "esp:GND.1", "black", [ "v0" ] ],
    [ "led1:C", "esp:GND.1", "black", [ "v0" ] ],
    [ "led3:A", "esp:34", "blue", [ "v0" ] ]
  ],
  "dependencies": {}
}